<?xml version="1.0" ?>
<!--
    Configuration file for 
    Simulator Server
-->

<simserver>
  <!-- *** Core Components Configuration *** -->
  <!-- Sheduler configuration -->
  <scheduler>
    <period value="10000"/><!--in usec-->
  </scheduler>
  
  <!-- Simulator configuration -->
  <simstage>
    <world wallmap="388linemaze_gates.txt" linemap="388linemaze_lines.txt" scale="200" />
  </simstage>
  
  <!-- Robot server no. 0 -->
  <robot>
    <mrcserver port="8000"/>
    <clients number="5"/>
    <params name="smr0" robotpose="0.0 2.0 0.0" wheelbase="0.26" encresolution="0.00010245"/>
    <corner x="-0.1" y="-0.15"/>
    <corner x="0.25" y="-0.15"/>
    <corner x="0.25" y="0.15"/>
    <corner x="-0.1" y="0.15"/>
   
    <irsensor ka="16.0" kb="76.0"/>
    <laserscanner port="19001" laserpose="0.26 0.0 0.0"/>
  </robot>
  
  <!-- Robot server no. 1 
  <robot>
    <mrcserver port="8001"/>
    <clients number="5"/>
    <params name="smr1"  robotpose=" 3.3 0.35 0.0" wheelbase="0.26" encresolution="0.00010245"/>
    <irsensor ka="16.0" kb="76.0"/>
    <laserscanner port="19001" laserpose="0.26 0 0"/>
  </robot>
  -->
  <!-- Robot server no. 2 
  <robot>
    <mrcserver port="8002"/>
    <clients number="4"/>
    <params name="smr2" wheelbase="0.26" encresolution="0.00010245"/>
    <irsensor ka="16.0" kb="76.0"/>
    <laserscanner port="19002"/>
  </robot>
-->
  <!-- Robot server no. 3 
  <robot>
    <mrcserver port="8003"/>
    <clients number="5"/>
    <params name="smr3" wheelbase="0.26" encresolution="0.00010245"/>
    <irsensor ka="16.0" kb="76.0"/>
    <laserscanner port="19003"/>
  </robot>
-->
</simserver>
